org_id,ico
7869,00216194
10501,00273309
13704,00406066
14124,00417904
22598,00551864
24299,00570079
318130,13584596
413351,15039188
603291,17048770
623323,18249019
623719,18253024
712605,25049852
712607,25049879
725301,25180436
726414,25191659
726501,25192523
726733,25194861
726903,25196596
727006,25197631
729353,25221337
729556,25223372
730101,25228919
730179,25229711
731780,25245821
748843,25419790
754121,25521942
754986,25530631
756777,25548697
757816,25559150
758000,25561022
758306,25564102
758310,25564145
760493,25586149
760631,25587528
767863,25661744
769669,25680366
770795,25691872
770948,25693450
771921,25703340
772723,25711580
773072,25715135
774169,25726391
776158,25746707
777032,25755587
777795,25763351
778130,25766830
778842,25774069
779968,25785541
781228,25798456
782499,25817981
782852,25821555
783567,25828771
783891,25832026
784566,25838822
784659,25839756
784691,25840088
784970,25842871
785579,25849034
786137,25854640
786854,25861891
788987,25883941
791832,25915801
792771,25925547
793508,25933108
794273,25940775
794830,25946366
796865,25967487
796921,25968068
802648,26135256
803428,26143224
803613,26145111
804352,26152657
804701,26156199
805327,26162547
805539,26164698
805647,26165791
807235,26181843
808375,26193337
809480,26204479
809753,26207231
810276,26212579
810846,26218330
814017,26250870
816289,26273853
818889,26322552
819954,26333511
821867,26419921
822696,26428270
823174,26433141
823658,26439255
823837,26441063
824014,26442884
826061,26463989
826151,26464926
828385,26488078
829676,26501198
830245,26506980
830522,26509881
837198,26690535
837268,26691248
838100,26700000
838678,26706482
839197,26716852
915502,40763757
957153,41186478
957273,41187687
1006664,41693027
1006871,41695127
1133584,43001483
1203455,43751881
1221202,43961240
1246307,44224648
1275900,44552254
1303025,44850981
1311706,44938411
1311779,44939230
1314210,44965265
1314216,44965338
1316655,44992106
1316683,44992386
1316691,44992467
1316707,44992629
1316719,44992742
1316803,44993587
1316905,44994621
1321018,45035601
1340344,45235163
1340584,45237573
1340804,45239801
1340955,45241325
1341423,45246122
1341485,45246742
1341561,45247501
1341617,45248061
1341874,45250669
1341919,45251118
1341925,45251177
1341981,45251746
1349298,45332657
1349334,45333017
1349370,45333378
1383070,45669392
1392015,45769940
1392164,45771481
1392190,45771740
1392207,45771910
1392236,45772207
1392257,45772428
1392367,45773521
1462859,46484965
1462944,46485813
1463885,46495801
1476582,46622926
1482784,46684425
1488851,46746030
1488994,46747486
1489095,46748504
1513904,47006862
1514098,47008806
1536230,47235292
1544776,47325445
1560763,47491825
1562703,47514981
1571752,47606606
1571911,47608218
1571931,47608421
1571942,47608536
1572092,47610034
1576226,47654341
1576650,47658550
1582947,47723238
1595381,47861941
1601270,47922257
1621223,48134571
1621254,48134881
1641349,48342700
1652508,48455491
1653114,48461610
1657914,48510912
1658379,48515566
1659592,48527564
1661415,48546003
1661838,48550256
1661869,48550566
1671870,48652555
1673698,48670987
1677389,48707473
1689804,48838403
1698457,48925527
1721533,49157302
1733411,49277961
1735118,49296353
1738378,49333941
1741655,49366441
1741950,49369393
1741978,49369687
1742009,49369997
1742047,49370375
1742058,49370499
1745857,49408593
1751007,49460544
1751518,49465741
1759938,49558897
1763269,49592220
1766517,49625284
1766556,49625667
1766709,49627201
1766946,49629565
1766947,49629573
1780995,49777327
1809828,60077875
1810453,60084081
1818682,60166754
1827175,60254092
1835649,60340053
1845239,60435861
1845240,60435879
1846066,60444096
1846497,60448415
1846639,60449837
1847558,60458861
1847565,60458933
1847619,60459468
1847791,60461152
1855786,60555360
1878377,60783397
1878484,60784458
1879868,60801336
1921189,61222224
1921196,61222291
1933154,61342831
1937030,61381390
1937678,61387878
1937840,61389501
1997371,61989711
2005778,62075136
2005814,62075519
2013933,62156403
2013977,62156853
2014247,62159542
2030666,62334549
2050083,62537393
2068282,62727443
2072493,62770578
2088413,62930486
2088414,62930494
2088433,62930681
2088436,62930711
2088788,62934261
2088884,62935224
2088931,62935691
2088934,62935721
2092851,62978055
2097304,63024896
2105565,63108275
2105619,63108801
2106064,63113244
2110114,63154161
2110216,63155176
2174154,63804549
2176586,63828448
2177041,63832984
2177422,63836815
2177424,63836831
2197971,64045838
2202656,64094731
2224550,64326195
2227374,64354121
2227505,64355438
2257832,64686647
2269354,64809439
2286416,64986071
2295894,65081013
2349369,66934591
2349471,66935610
2389891,67360114
2389956,67360769
2389982,67361021
2419641,67672833
2431721,67798713
2449822,67984312
2505502,68550600
2806306,65270045
2811920,65326636
2813754,65348273
2818430,65397819
2837883,65607716
2842921,65660200
2855928,65792424
2858976,65822374
2865821,65891511
2875412,65986920
2876003,65992768
2876387,65996631
2876388,65996640
2876569,65998456
2876794,66000718
2876864,66001412
2877017,66002940
2877208,66004888
2893939,66181151
2894161,66183375
2894164,66183405
2911050,66359007
2920945,00206857
2923098,00676187
2942305,25765523
2952512,44500548
2954396,45335966
2957965,47611804
2961218,49279416
2968375,62930842
3023361,26715830
3025454,26721511
3026284,26717042
3027256,26301288
3027524,26720019
3027847,26490099
3028525,26724031
3029790,26738465
3031972,26306581
3033612,26738741
3069543,26773228
3071330,26779056
3095698,27064492
3105853,26892006
3117465,26901170
3127642,27074056
3129237,27078591
3131585,25996088
3144494,27088391
3158183,25477153
3165562,26070383
3166550,27112101
3166716,26824230
3172410,26003490
3182273,26006154
3182300,27124771
3186039,26005981
3197277,27134253
3198898,26833018
3199316,26075253
3199460,27149994
3203889,27150496
3214220,27162524
3215798,27155510
3237057,27179133
3246964,27189945
3247280,26080320
3247839,27193870
3259173,27209067
3260080,27211428
3285686,26089491
3292570,27244890
3294694,27248097
3303888,26386984
3304491,27363589
3307685,26092743
3315070,26093413
3315434,26980738
3317123,27378179
3334191,27387810
3340729,26874288
3347512,26879301
3351899,27421538
3360092,27433056
3361981,27437213
3367786,26407299
3368187,26406501
3368420,27442268
3377613,27448649
3380153,26410168
3385688,27690954
3387947,27460355
3388057,26407914
3393360,26414732
3404058,27586405
3404299,27593444
3427313,27633934
3430768,27784657
3443068,27715159
3462460,27722333
3463714,27655270
3463722,27868389
3481129,27513963
3482856,27891372
3483185,27891062
3485817,27884783
3486573,27895084
3489744,27898296
3489746,27899161
3489830,27730077
3496593,27915409
3499093,27802370
3505464,27928152
3505763,27928136
3507995,27921247
3558721,27748766
3572022,27336085
3613317,27825051
3642071,27832813
3652032,28237421
3673422,28079787
3678534,28257731
3679666,28272625
3679883,28246411
3685469,28367472
3694494,27352200
3703173,28371275
3710254,28384458
3718330,28282817
3719091,27843416
3762544,28418808
3765183,28421434
3768893,28668642
3770122,28296443
3770710,28432860
3772978,27543862
3778577,28436504
3785696,28671473
3813928,28561414
3816189,28456769
3831440,28035763
3838618,28310039
3841727,28482263
3866497,28494172
3916056,28570308
3947409,28513941
3947571,28514106
3947726,28315332
3963678,28514319
3970186,28094948
4007606,28573790
4037786,28576187
4054523,28534522
4112625,28876474
4123867,28884817
4159931,28889452
4171534,28902254
4207309,28588088
4340883,28951417
4376270,28358821
4418749,28707958
4518889,28713320
4531290,29003547
4542531,29004900
4570224,29018951
4570784,29018200
4578196,29007381
4592789,29003881
4595214,29019192
4623269,29093660
4651667,28717406
4701749,29096316
4711089,28719255
4751909,29209498
4772937,29044154
4785391,29097525
4785826,28621981
4793616,28624955
4803538,29218896
4812432,28627792
4815170,28799267
4898713,29235715
4916080,28636759
4933939,28732057
4997019,24761249
5084394,24788155
5087240,24772470
5089978,24775789
5129537,28737857
5210775,28739973
5232633,24814008
5326076,28742214
5332054,28657187
5354529,29283868
5362523,28745353
5372936,24148482
5386880,24161501
5395533,28141601
5397411,24158917
5414117,24186830
5414627,24188581
5415963,24177601
5423101,28750365
5430460,29392471
5431638,28751574
5458723,29124743
5481230,29314224
5562473,24242039
5562802,24244341
5573604,24264504
5579793,24259101
5581429,24259560
5617562,24235423
5636873,29147221
5639672,29149746
5650057,01406221
5659292,01502034
5660977,01438476
5708690,01782789
5715258,01840908
5722818,01873016
5724347,01933728
5728993,01939301
5741929,02020947
5743444,01976192
5756364,02178001
5756745,02163543
5763076,02283891
5767494,02258722
5778838,02474514
5780664,02490927
5783215,02491761
5786052,02492865
5788572,02576040
5795105,02644240
5805547,02791714
5808735,02789809
5836594,03137660
5839537,03094979
5851379,03295095
5872820,03571092
5873357,03569560
5875234,03588599
5879416,03641392
5883819,03643905
5883869,03670643
5887019,03713229
5887437,03716252
5914488,03970248
5924397,04001885
5932464,04137752
5933109,04135211
5937185,04107276
5943607,04226216
5948061,04287304
5971042,04502442
5973629,04528921
5978453,04564472
5980272,04591011
5981224,04589394
5983244,04619552
5986767,04593201
5988614,04674707
5990992,04681291
5991175,04694538
6000833,04772768
6007781,04852010
6008563,04860292
6021109,04898419
6023439,04987900
6024481,05012571
6033595,05092485
6034047,05098670
6038697,05089689
6039422,05149568
6050266,05252237
6052228,05266068
6064016,05373743
6076341,05499712
6080494,05539773
6080831,05543096
6094732,05652154
6095052,05654823
6095059,05654912
6095671,05661544
6106561,05679656
6111212,05787726
6132321,05992419
6134595,06024840
6153139,06199844
6154718,06212093
6154925,01894242
6156060,06230555
6183806,06476490
13338,00380750
29058,00848646
29425,00856550
248185,12895555
248196,12895661
309848,13503898
309850,13503910
359121,14502194
359184,14502844
415020,15056627
415344,15059961
534994,16367821
537209,16389565
582378,16841034
618052,18190294
621524,18230857
621914,18234836
621915,18234844
701073,19014031
712331,25047108
712356,25047353
725124,25178652
725191,25179322
725498,25182412
726170,25189174
726356,25191071
726732,25194852
727194,25199544
729588,25223691
730060,25228501
730073,25228633
730165,25229575
730167,25229591
730169,25229613
730171,25229630
730172,25229648
730205,25229974
730374,25231669
730504,25232967
730755,25235486
731172,25239708
731421,25242199
731587,25243896
731613,25244159
732163,25249665
736245,25291017
736774,25296426
737065,25299450
737102,25299841
746923,25400495
746931,25400576
746941,25400673
747010,25401360
747061,25401874
748061,25411942
748332,25414658
748522,25416553
749145,25422855
749235,25423762
749918,25430823
750231,25433989
750864,25440349
750893,25440632
750894,25440641
755525,25536052
755594,25536745
755704,25537857
755713,25537946
756207,25542907
756213,25542974
756214,25542982
756268,25543521
756270,25543547
756274,25543580
756463,25545477
756542,25546279
756626,25547127
756736,25548263
756808,25549014
756844,25549375
756845,25549383
756930,25550233
756955,25550489
757270,25553674
757347,25554441
757411,25555090
757823,25559222
757941,25560425
758267,25563700
758475,25565800
758508,25566148
759907,25580256
759956,25580744
759992,25581104
760004,25581228
760248,25583697
760333,25584545
769050,25673980
769198,25675516
769660,25680277
770562,25689509
771358,25697641
771503,25699105
771592,25700014
772222,25706446
772949,25713892
773116,25715615
773247,25716930
773261,25717073
774167,25726374
774222,25726935
774674,25731513
774892,25733800
775293,25737864
775535,25740326
775591,25740920
775664,25741683
775726,25742329
775995,25745051
777269,25757997
777576,25761145
777607,25761455
778004,25765540
778349,25769065
778807,25773712
778868,25774328
778927,25774956
779162,25777343
779280,25778536
779555,25781341
779945,25785311
780522,25791231
781023,25796372
781227,25798448
783069,25823744
783071,25823761
783339,25826476
783513,25828231
783568,25828789
783571,25828819
783625,25829351
783628,25829386
783630,25829408
783631,25829416
783632,25829424
783689,25829998
783754,25830643
783764,25830741
783896,25832077
784061,25833731
784232,25835467
784310,25836242
784400,25837141
784401,25837150
784902,25842196
784929,25842463
785069,25843869
785230,25845519
785369,25846914
785407,25847295
785408,25847309
785409,25847317
785410,25847325
785620,25849441
785627,25849514
785735,25850598
785930,25852574
785933,25852604
785944,25852710
786028,25853554
786237,25855654
786284,25856120
786665,25859978
786975,25863169
787162,25865099
787474,25868331
787514,25868748
787533,25868934
787714,25870777
788752,25881582
789412,25888269
789921,25893386
791799,25915452
791800,25915461
791943,25916971
791954,25917081
791966,25917200
791988,25917421
792019,25917731
792035,25917901
792316,25920871
792518,25922912
792736,25925199
792837,25926225
792862,25926489
793150,25929411
793152,25929437
793402,25932012
793752,25935542
794169,25939734
794246,25940503
794401,25942069
794424,25942298
795132,25949837
795168,25950193
795265,25951165
795576,25954261
795695,25955489
795714,25955683
796218,25960857
796407,25962795
796688,25965620
796817,25967002
796856,25967398
797657,26018870
798145,26023806
798267,26025027
798404,26026431
799401,26036606
800469,26047543
801408,26122642
801591,26124483
802162,26130301
802310,26131781
802675,26135531
802707,26135868
802916,26137976
803077,26139588
803143,26140306
803205,26140934
803666,26145669
805541,26164710
805818,26167531
806006,26169428
806192,26171287
806525,26174677
806555,26174979
806614,26175568
807020,26179687
807223,26181720
807256,26182050
807354,26183048
807373,26183234
807474,26184257
807748,26186993
807799,26187507
807982,26189364
807984,26189381
808054,26190087
808621,26195836
808987,26199548
809082,26200490
809629,26205971
809636,26206048
810622,26216051
810673,26216566
811856,26228548
811932,26229315
811971,26229706
813014,26240475
813258,26243172
814996,26260794
815366,26264528
815527,26266148
815812,26269040
816040,26271338
816123,26272164
816455,26275520
816875,26279746
817187,26282887
817365,26284669
820848,26342561
820879,26342871
821579,26417031
821781,26419068
822041,26421682
822516,26426455
822583,26427141
822701,26428326
822850,26429853
822890,26430258
823100,26432374
824082,26443589
824159,26444364
824482,26447649
824639,26449226
824682,26449668
825701,26460289
825950,26462851
825982,26463199
826107,26464462
827268,26476720
827481,26478871
827487,26478935
827727,26481375
827886,26482983
827956,26483700
828384,26488060
828707,26491354
828874,26493047
828877,26493071
829158,26495937
829834,26502810
830430,26508923
830438,26509008
831020,26514923
836546,26683814
837020,26688671
837133,26689863
837809,26696894
838306,26702223
838520,26704561
838620,26705753
915646,40765202
915877,40767523
915896,40767710
957434,41189311
957613,41191137
1027324,41914546
1054032,42197651
1073718,42396107
1075231,42409951
1109954,42767571
1127343,42938741
1127541,42940737
1133768,43003346
1133900,43004661
1156632,43257135
1168654,43383327
1171492,43420851
1183284,43541542
1210806,43833268
1213092,43852432
1213099,43852505
1213103,43852548
1221160,43960804
1226643,44017111
1240835,44164220
1267449,44468547
1267488,44468954
1268307,44477139
1268508,44479191
1276062,44553889
1293879,44738226
1293904,44738471
1293932,44738757
1294114,44740611
1294119,44740662
1294120,44740671
1294132,44740794
1294133,44740808
1294139,44740867
1299279,44794355
1302578,44846487
1311492,44936184
1311498,44936249
1311530,44936567
1311707,44938438
1311714,44938535
1313868,44961766
1313929,44962398
1316487,44990421
1316617,44991720
1316708,44992637
1316718,44992734
1316742,44992971
1316749,44993048
1316946,44995032
1316991,44995474
1318501,45010315
1319391,45019517
1337931,45211281
1337977,45211752
1338105,45213038
1338378,45215774
1340537,45237107
1340567,45237409
1340590,45237638
1341534,45247234
1341583,45247722
1341982,45251754
1341985,45251789
1341993,45251860
1391867,45768463
1391999,45769788
1392026,45770107
1392077,45770611
1392098,45770824
1392099,45770832
1392100,45770841
1392210,45771944
1392218,45772029
1392224,45772088
1392355,45773408
1412759,45979090
1413075,45982228
1442212,46276297
1442223,46276408
1445757,46311858
1460062,46456961
1463702,46493948
1463884,46495797
1463931,46496262
1480274,46659501
1480275,46659510
1480870,46665421
1480880,46665536
1480918,46665951
1481194,46668730
1489129,46748849
1490684,46764585
1507078,46936815
1521546,47084511
1535168,47224703
1536126,47234148
1536133,47234211
1536226,47235250
1536339,47236370
1538188,47254831
1538189,47254840
1539575,47268646
1539685,47269758
1540158,47274395
1549015,47367598
1555499,47438444
1555502,47438479
1557848,47462094
1558017,47463791
1558136,47465042
1558332,47467053
1560534,47489502
1560617,47490349
1568200,47569921
1571782,47606916
1572155,47610671
1582906,47722827
1587933,47787082
1595551,47863668
1602052,47930187
1602289,47933992
1602303,47934131
1602413,47935243
1608014,47997109
1608038,47997346
1620966,48132004
1621529,48137626
1622647,48148890
1622669,48149110
1623342,48156035
1623553,48158151
1623640,48159034
1623923,48161888
1623927,48161926
1628307,48205991
1628635,48209333
1635377,48282871
1640386,48333034
1649628,48426491
1649921,48429619
1649958,48429988
1649961,48430013
1652252,48452793
1653038,48460851
1654301,48473685
1658337,48515141
1659463,48526274
1661436,48546224
1661462,48546488
1661612,48547999
1661624,48548103
1661712,48548987
1668081,48614751
1668735,48621161
1668763,48621447
1668788,48621692
1671835,48652202
1673461,48668648
1674812,48681962
1676928,48702871
1683720,48770876
1683934,48773000
1686445,48804045
1686620,48805793
1690620,48846490
1695526,48895806
1707874,49019660
1707910,49020021
1707949,49020412
1708890,49029797
1733318,49277031
1733406,49277910
1733534,49279190
1733643,49280295
1734473,49289837
1734499,49290096
1734502,49290126
1734505,49290151
1734542,49290568
1734975,49294911
1735023,49295390
1738076,49330870
1741858,49368478
1741862,49368516
1742033,49370235
1742046,49370367
1748859,49438671
1748968,49439766
1750787,49458361
1750939,49459864
1751476,49465325
1751479,49465350
1751558,49466143
1751617,49466739
1751659,49467166
1751736,49467930
1759849,49558005
1759906,49558579
1760141,49561090
1760365,49563343
1763251,49592050
1763413,49593668
1763438,49593919
1766660,49626710
1766825,49628364
1777881,49745964
1778020,49747355
1781055,49777921
1781123,49778609
1781208,49779451
1798420,49963007
1808083,60060417
1808098,60060565
1809262,60072164
1809286,60072407
1809611,60075694
1809757,60077166
1810349,60083034
1811055,60090031
1814676,60126426
1814688,60126531
1817397,60153717
1817419,60153954
1817446,60154225
1818090,60160802
1818226,60162171
1818340,60163313
1818382,60163739
1818757,60167513
1818768,60167629
1835354,60337133
1835421,60337796
1835428,60337869
1835462,60338202
1835519,60338768
1835640,60339969
1838752,60370483
1843665,60419288
1843691,60419555
1843719,60419849
1844860,60432047
1845020,60433655
1845054,60433990
1845100,60434473
1845127,60434741
1845256,60436034
1845407,60437553
1846213,60445572
1846218,60445629
1846266,60446111
1846379,60447231
1846446,60447907
1846604,60449489
1847364,60456922
1847409,60457376
1847659,60459841
1847693,60460172
1855534,60552808
1855565,60553111
1855638,60553847
1855639,60553855
1855695,60554410
1855740,60554860
1865285,60650729
1866768,60665114
1879788,60800526
1879821,60800852
1879866,60801310
1879912,60801778
1880020,60802847
1880076,60803401
1881591,60818557
1882668,60829273
1886732,60869623
1886742,60869721
1898805,60990163
1898814,60990252
1898838,60990490
1898841,60990520
1921253,61222861
1922410,61234427
1936711,61378216
1936845,61379549
1937445,61385549
1937501,61386103
1937642,61387517
1937645,61387541
1937652,61387614
1937804,61389145
1937888,61389986
1969064,61704008
1970265,61715824
1970306,61716235
1970310,61716278
1973057,61743275
1973125,61743950
1989050,61904571
1997242,61988430
2001517,62032241
2004289,62060058
2014179,62158864
2014306,62160133
2016399,62181122
2016477,62181904
2016519,62182323
2030314,62330926
2030675,62334638
2030737,62335260
2030746,62335359
2030796,62335847
2032063,62348345
2041383,62450662
2041733,62454234
2048002,62516698
2049935,62535901
2059527,62633121
2064645,62690566
2064718,62691295
2064721,62691325
2064953,62693654
2065341,62697536
2065373,62697854
2072447,62770128
2072673,62772376
2088427,62930621
2088429,62930648
2088661,62932985
2089336,62939769
2089441,62940813
2089474,62941143
2097387,63025728
2105595,63108577
2105617,63108780
2105686,63109476
2105729,63109905
2105784,63110458
2105902,63111632
2106028,63112892
2106095,63113554
2124003,63293277
2138274,63438640
2139915,63455170
2163528,63696100
2163574,63696550
2164050,63701324
2166877,63729512
2176774,63830311
2176889,63831465
2177172,63834308
2177247,63835053
2177454,63837137
2177534,63837943
2177641,63839008
2205426,64121810
2205574,64123316
2205590,64123502
2205601,64123618
2205614,64123740
2205627,64123871
2212855,64203476
2214993,64225003
2215076,64225861
2216837,64243737
2219096,64269248
2219339,64271668
2224671,64327400
2224694,64327639
2224924,64329941
2225008,64330788
2225095,64331661
2227386,64354245
2227421,64354598
2227472,64355101
2227541,64355799
2236555,64446654
2250249,64601960
2252619,64626741
2252673,64627284
2252735,64627900
2252770,64628256
2253069,64631222
2261609,64730913
2263841,64753085
2264815,64763374
2266706,64782221
2266772,64782883
2269044,64806332
2269397,64809862
2269458,64810470
2269501,64810917
2269801,64814084
2281300,64934195
2281361,64934802
2281458,64935779
2281542,64936619
2281638,64937577
2286941,64991431
2289591,65018133
2295829,65080173
2295841,65080297
2295932,65081391
2317171,66596785
2330504,66743052
2330570,66743711
2349229,66933188
2349455,66935458
2372775,67180205
2390152,67362711
2390213,67363334
2397843,67440568
2424833,67728324
2429268,67774156
2429538,67776841
2449644,67982531
2468757,68177801
2488986,68383681
2491114,68404999
2537890,68898266
2537924,68898606
2537937,68898746
2537938,68898754
2540435,68923261
2545504,68974931
2568666,69211493
2568673,69211566
2568691,69211752
2806283,65269811
2806322,65270207
2814029,65351037
2814030,65351045
2814186,65352611
2814238,65353137
2818436,65397878
2818465,65398173
2827215,65497856
2842968,65660692
2852960,65763084
2865485,65888111
2865498,65888251
2865909,65892399
2866028,65893573
2868057,65913892
2872357,65956559
2875761,65990340
2875880,65991532
2875884,65991575
2875910,65991834
2875951,65992245
2876363,65996399
2876394,65996704
2876773,66000505
2876928,66002052
2877048,66003270
2877217,66004977
2890907,66145279
2893888,66180643
2893907,66180830
2894245,66184215
2894259,66184363
2894273,66184509
2907715,66325421
2908023,66328551
2911214,66360641
2911269,66361192
2911403,66362539
2941712,25654675
2942231,25750224
2942306,25766082
2949737,43000746
2952009,44016701
2953781,45213216
2959251,48148873
2959886,48548251
2964005,60555858
2971527,65341279
3023106,26704323
3023366,26719363
3025949,26730731
3025992,26297809
3026316,26725215
3026808,26723590
3030718,26743051
3030735,26731991
3030943,26308151
3031834,26308452
3031913,26791722
3033117,26737060
3035446,26751429
3037522,25982117
3038025,26508273
3068560,26770041
3072222,25989499
3073086,26779480
3073754,26779021
3074364,26775913
3076300,26895358
3080458,26805332
3096311,27063259
3096330,48551422
3101353,26749025
3107249,26808153
3107357,26780011
3110723,26781310
3111001,25994395
3111067,27066401
3116147,26063786
3126552,27068102
3126624,27082857
3129043,27077799
3136284,26775425
3136711,27084728
3137528,27084248
3145382,26817608
3147135,26907879
3147906,27098311
3151897,27093824
3152482,27094723
3165978,26000776
3171165,27118258
3174400,27103471
3174796,27123146
3177728,25481291
3187068,27123332
3187078,27126854
3187113,27122620
3194650,27135314
3196354,26923041
3197129,26370450
3197278,27135284
3198201,27135187
3199056,27147134
3199847,26829207
3201539,26924943
3203885,27143686
3203893,27151115
3206009,25489241
3208360,26930439
3208464,26010798
3214168,27138143
3215047,27149331
3215834,26370379
3215905,27162125
3216874,27168859
3217408,26374927
3218132,26014203
3224269,25492284
3224915,27167747
3225371,27165728
3225552,27175405
3225808,27171027
3226851,26014131
3229089,26939321
3232406,27178137
3235860,26934353
3236456,27173364
3236474,27182711
3239516,26940311
3239760,26942879
3241066,26081601
3247838,27189023
3251652,26842785
3254694,27203956
3255228,26850567
3256880,26950031
3259321,27185036
3260724,27209091
3265939,27205215
3265941,27207129
3265959,27211622
3265968,27214982
3266248,26955792
3266379,26850737
3267095,26851423
3267661,27461980
3267671,27209661
3267672,27209695
3268286,27191524
3272367,27214451
3273222,26957027
3274136,26854210
3275308,26086557
3280794,25992678
3287747,27240771
3288744,27245098
3289544,26859360
3292361,26969319
3294933,27240843
3296062,27243940
3297249,27248445
3297507,26862573
3298011,26973278
3302505,26091151
3302512,26973367
3303029,26973391
3303155,26969963
3303524,27248763
3304182,26971721
3304655,26975513
3305514,27256715
3310629,27360938
3314727,27480658
3315897,27369242
3321611,27376214
3321863,27377245
3324724,27278824
3324798,27384691
3328675,27278794
3335379,27398587
3335856,27395243
3336592,26401312
3337768,27395359
3342236,27410552
3342599,27669602
3342720,27667758
3345327,27413501
3349664,27671054
3353001,27760511
3354009,26880351
3359208,27430286
3360965,27680304
3361144,27427846
3361186,27436616
3368380,27492061
3374188,27442942
3381272,27561755
3382110,27563324
3383672,27451186
3383854,27563910
3391032,27297781
3391036,27574601
3391687,27565530
3392406,27574512
3393570,27565441
3393639,27573281
3393792,27565611
3401972,27591531
3402903,27582698
3404379,66743524
3407263,27607763
3408833,27606741
3409082,27607551
3409114,27608646
3413003,27613861
3414015,27609308
3416529,27621936
3417044,27620425
3417090,27624668
3422721,26112990
3424971,27784819
3434163,27712630
3435569,27640981
3435735,27638006
3436101,27786625
3436113,27710246
3439080,27714012
3447195,27652122
3449580,27651134
3451341,27654451
3452779,27653684
3453648,27634353
3456263,27715086
3457497,27654991
3457729,27653439
3457958,27717640
3461216,27863352
3461684,27658864
3461854,27650537
3463261,27792404
3463363,27868931
3463397,27721841
3464008,27720284
3465640,27864511
3467516,27974243
3471062,27872335
3476933,27881091
3479733,27724743
3481340,27320634
3481789,27513947
3482108,27888614
3488155,27896005
3488703,27727343
3498054,27982246
3499605,27803201
3499820,27804763
3500790,27732207
3502389,27917169
3505324,27915492
3508198,27924041
3508708,27922715
3512140,27328279
3513729,27936571
3520517,27740315
3522176,27733947
3525237,27923070
3525981,27739236
3529864,27809013
3548578,27811484
3558076,27744051
3558453,27956270
3560520,28165241
3561580,27522849
3561836,27947564
3564660,27750264
3566296,28174623
3569836,28072511
3570799,27815102
3580198,28073053
3586865,28188977
3594416,27817181
3599418,27526321
3600338,27338835
3601249,28196112
3601278,28073924
3605021,27339246
3608126,28202562
3609792,28199545
3611621,28197186
3622079,28212185
3622708,28196694
3627182,28213599
3627845,27825001
3635629,28212584
3641745,27532127
3642054,27828913
3642269,28230442
3642721,28268539
3644524,28207904
3665862,28271963
3666504,28220374
3666518,28235240
3671775,28242688
3672929,27832881
3673800,28273702
3679795,28260091
3682963,27533832
3688111,28245555
3688801,28371224
3689404,28361610
3695942,28369432
3695990,27536971
3696414,28361580
3700833,28282051
3708358,28272862
3708672,28378105
3717937,27538354
3720553,27358534
3755603,28405145
3765165,28417453
3767372,28085264
3768205,28429052
3768716,28427718
3769114,28429893
3769157,28295790
3775569,28300157
3778057,28440595
3778082,28440269
3781843,28450582
3783015,27545725
3785046,27857468
3793812,28461100
3796423,28459172
3797603,28301820
3799641,28462670
3800920,28304420
3803796,27547001
3811758,28303261
3819857,27548341
3832476,28460987
3837497,28465059
3860252,28678419
3865900,28564812
3876448,28496884
3876586,28478924
3879771,28490681
3885046,28494059
3887112,28313534
3888067,28566033
3894538,28484479
3917695,28511301
3942298,28512715
3943241,28513592
3957566,28316797
3970427,28685954
3970429,28686250
3970986,28319737
3974774,28321324
3983526,28507282
3987071,28514246
3998219,28516222
4000386,28575164
4000920,28688864
4008088,28524004
4012446,25961501
4019654,28531825
4027226,28576179
4051364,28330854
4063466,28863496
4063585,28098129
4065746,28313381
4066286,26810379
4067007,28181671
4075186,28051564
4079186,28334591
4086346,28866991
4088186,28334035
4100306,28866193
4112615,28870387
4127486,28583353
4142986,28585623
4148248,28585861
4151130,29061971
4153590,28699971
4155126,28889801
4155156,28895975
4164560,28900898
4171797,28900839
4180715,28903366
4192494,28899075
4199432,28913736
4207030,28340922
4207369,28900308
4236887,28920295
4245210,28916786
4298232,28595831
4301851,28932421
4309201,28933800
4320809,28707117
4321254,28946731
4340277,28930649
4352257,28951760
4354291,28955579
4376202,28964365
4377458,28966066
4386989,28356098
4387009,28359259
4404454,28959566
4420270,28956435
4434322,28979435
4438029,28111095
4474289,28112865
4491658,28993209
4508609,28967496
4509049,28996542
4543413,29191815
4556689,28605799
4564659,29192072
4567619,29015847
4570199,29006635
4575274,28116488
4576493,29021375
4576749,28783042
4578429,28115490
4593669,29026601
4603532,29093040
4603815,29020867
4604629,28784952
4623409,29022398
4640015,29026750
4640038,29038715
4657669,28616057
4664069,29093686
4695089,28118626
4726466,28119916
4726589,29203899
4738849,29058783
4763513,29210208
4782029,24656208
4784436,29211719
4789332,28618734
4790594,28793820
4791174,24668583
4793535,24672181
4797523,28724216
4804508,24691895
4805754,24684627
4807155,28628314
4811866,24686654
4814496,24675334
4815268,24697486
4816701,24709034
4825837,28124103
4843817,28800320
4846073,28799984
4854513,28632931
4860193,24705195
4870718,24715832
4870993,29104882
4875533,24714062
4875828,24727130
4879636,24718289
4913276,24722421
4927118,24731366
4935995,29243874
4936974,28804449
4939008,24736627
4939010,24739651
4942957,24750042
4943196,24740829
4956496,28807235
4960567,24756113
4964515,24754722
4990819,24750646
4997050,24764558
5035133,24768481
5037734,29110629
5046837,29254736
5056753,24754153
5058373,29111391
5059475,24771422
5062345,24775401
5067483,24774332
5072753,24776912
5078061,24778371
5085887,24780812
5097173,28643755
5119737,24795232
5122796,24795534
5125335,24794589
5133313,29259096
5136334,24786675
5145480,24799084
5150579,24792462
5154834,24791083
5175905,24804967
5176254,28646550
5180373,28813651
5206957,29265886
5217057,28650654
5228229,24816183
5240953,28814657
5249174,29114659
5249329,24821659
5249493,24810631
5257914,28740297
5289246,29270031
5296543,24833533
5298344,24828360
5301441,24823619
5308655,24826316
5309434,28655486
5310375,28816692
5310414,24831123
5310448,24840360
5313853,29272963
5332592,24842281
5339694,24840980
5342124,24124478
5342126,24842311
5343913,28818687
5343934,29280532
5344048,29280877
5344590,24128465
5344716,24127051
5348811,29279976
5351073,29117372
5353104,28744209
5357139,29282705
5360099,24134571
5360720,28138627
5366153,24127086
5366156,24134422
5366922,29286841
5366955,24131750
5367062,29285500
5371212,24139611
5372853,29285313
5373924,24142565
5375994,29287791
5387868,24153109
5388553,24152382
5388557,24157953
5389517,28140699
5392515,24139874
5395454,24166260
5395846,29386098
5397424,24166464
5402629,24161080
5406567,28142411
5407005,28142241
5408228,29295980
5409283,29121701
5409319,29296617
5409891,29294037
5410130,29297664
5412295,29390214
5412336,24179884
5412339,24181757
5414081,29391113
5414348,29390222
5419862,24192139
5419872,24193305
5422374,29393248
5427537,24204129
5428548,28827007
5429936,28751281
5431902,28142977
5432294,24202118
5435918,29395241
5437608,29307198
5437754,24199869
5440559,24208361
5443201,24203378
5444451,24209414
5446129,24210609
5446597,24212130
5447966,24209660
5447967,24212164
5455880,24217638
5457565,24226360
5461753,28829590
5468832,29125308
5475693,29399289
5485953,29315077
5534756,24284297
5551942,24291862
5552623,28155858
5552754,28847105
5553482,24296171
5555213,24299651
5556222,29444845
5556715,24303437
5558416,24296015
5558721,24304409
5558729,24304743
5562374,22793330
5564953,28850599
5569220,29448875
5569784,29361567
5570616,29362300
5572696,29451248
5573698,24251640
5573842,29358655
5574077,24253821
5574712,24248754
5580671,29158826
5581272,24269859
5583037,29358639
5587234,28855078
5591393,29363101
5604088,24267058
5605714,24268496
5611613,28855132
5611643,29454468
5611950,24233722
5618461,24234851
5620761,24853631
5621016,29455391
5621413,29454671
5621984,29373972
5623653,24231151
5623969,29162238
5624761,24853232
5625215,29378940
5629239,28859006
5632143,29137691
5632270,29137586
5634401,29163021
5635760,29130701
5636836,29316545
5638781,29163986
5640485,29413044
5643873,29415276
5646254,01384970
5646594,29153671
5646667,29153131
5649947,01435167
5649988,01382713
5651703,29149061
5655322,29412501
5659580,01454676
5660965,01407236
5660980,01443348
5661363,01521195
5661423,01527011
5661861,29020361
5684825,01573471
5685925,01618857
5686461,01643916
5687684,01702611
5688455,01492462
5692045,01558501
5692226,01582992
5693216,01637185
5695975,01609611
5698072,01677357
5700329,01658786
5704117,01753436
5705047,01663976
5706175,01579142
5706298,01573888
5707689,01697706
5709175,01803913
5710616,01749137
5713475,01781782
5716111,01767241
5716130,01789805
5716241,01868152
5717450,01871188
5728375,01952285
5743039,02004089
5743079,02029642
5743150,02043572
5744560,02066068
5744651,02072220
5745352,01999338
5746998,02077787
5748144,02066777
5750455,02055724
5752728,02151324
5754460,02015048
5756434,02192934
5757497,02142350
5759088,02236311
5760403,02118424
5763980,02272091
5765097,02221225
5766717,02265397
5767469,02223970
5768918,01903659
5770363,02372649
5771169,02304775
5771177,02309734
5772713,02383446
5773873,02391881
5774126,02423308
5774404,02391287
5774441,02412632
5776739,02416450
5777791,02412454
5778604,02399385
5780487,02409011
5782672,02335093
5782754,02400880
5782776,02446782
5782811,02491613
5783851,02513897
5784367,02545497
5784424,02546647
5784919,02430789
5784931,02467038
5784968,02514575
5785003,02542803
5786316,02458896
5786599,02567326
5788175,02507641
5788539,02518082
5788610,02586941
5788956,02530694
5789917,02516675
5790832,02503786
5791858,02543249
5793360,02484544
5793364,02499401
5797013,02666979
5797867,02674629
5797892,02586851
5799372,02624303
5801330,02565625
5802792,02612780
5803112,02760461
5805726,02794471
5806647,02804140
5806704,02806142
5811996,02774631
5812004,02808595
5813177,02886162
5816680,02846292
5816812,02929651
5821918,02848775
5821954,02950154
5822777,02970261
5823518,03002926
5823980,02923181
5826521,03051846
5827494,03021980
5831466,03038637
5831623,03111903
5832000,03078779
5832018,03098494
5833206,03133231
5834559,03149072
5835996,03164578
5836127,03167348
5837297,03160521
5837949,03173216
5837993,03189350
5838459,03137317
5839704,03208940
5840424,03221580
5843982,03265561
5844209,03083284
5846680,03299368
5847724,03289117
5847944,03315517
5848804,03247392
5848815,03266591
5852259,03243648
5852266,03284620
5852877,03375030
5853248,03292533
5854191,03364399
5854788,03318206
5854796,03379256
5855999,03385281
5856001,03386627
5856518,03417646
5860941,03385850
5862713,03437809
5862999,03458571
5863326,03487407
5863429,03488659
5864039,03413764
5864204,03431801
5864819,03488462
5866880,03489353
5869088,03459543
5869149,03543609
5870487,03456277
5870833,03466965
5872359,03566706
5873221,03582566
5873364,03571904
5875232,03585701
5877256,03493989
5877365,03612686
5877596,03566889
5877628,03611493
5879015,03619842
5879026,03628256
5879171,03638855
5879660,03644286
5879844,03640680
5880234,03582132
5880720,03640230
5880723,03641406
5881136,03620603
5881150,03651479
5881402,03592715
5881426,03638618
5881427,03640825
5882648,03674959
5882704,03675696
5882868,03641112
5883028,03677630
5884423,03631648
5884774,03692931
5885014,03678946
5885586,03699978
5886036,03704386
5886761,03710157
5888687,03728099
5888882,03657621
5888894,03675424
5889733,03679047
5890208,03742237
5893551,03770273
5894330,03719871
5896097,03770028
5896846,03744485
5897701,03757048
5898407,03752593
5899548,03829464
5900641,03833569
5900987,03814637
5902117,03753743
5903157,03772667
5903191,03832821
5903452,03801535
5904839,03879950
5905873,03833151
5907973,03888738
5908979,03845117
5908980,03849988
5908981,03850153
5910093,03886921
5911537,03818446
5914015,03911004
5914598,03899977
5914605,03909573
5916137,03909549
5916160,03975207
5917835,03999378
5918599,03947181
5922581,04044274
5925182,03328091
5925184,03348105
5925185,03398919
5925802,04003284
5925847,04036506
5925857,04062477
5925921,04074564
5926577,04080998
5930450,04081641
5930473,04104111
5930593,04118405
5933107,04130251
5933738,04144287
5934069,04084659
5934079,04093801
5934389,04156412
5935189,04093887
5935235,04154533
5935657,04153731
5937195,04125444
5937221,04162811
5938172,04190491
5939031,04187334
5939034,04190815
5940244,04212428
5941223,04128273
5942210,04231007
5942809,04221338
5942834,04236181
5943202,04194756
5945414,04248562
5946111,04269021
5946766,04260201
5946773,04268253
5947025,04277465
5949840,04302826
5949901,04251253
5949921,04261640
5949924,04267036
5950614,04310055
5952026,04307402
5953982,04278861
5955376,04308026
5955417,04353854
5957912,04318170
5958353,04327900
5958737,04318765
5958754,04362420
5959151,04313127
5959799,04272404
5960220,04333799
5960656,04388097
5961486,04389531
5961568,04412028
5961861,04415035
5961937,04415957
5962087,04417909
5962174,04309774
5963917,04422481
5966643,04455622
5966839,04463242
5968965,04477961
5969638,04434978
5970115,04380282
5973045,04480619
5974440,04535871
5974727,04085051
5974739,04485271
5975344,04544587
5975658,04547438
5976758,04487028
5976793,04552733
5977194,04545290
5978001,04488873
5978008,04513401
5978171,04571436
5978434,04523997
5978825,04505671
5979846,04587316
5980424,04593162
5982209,04609531
5982484,04578244
5983159,04548523
5983288,04620119
5983572,04623339
5983606,04624866
5983625,04625536
5983628,04625587
5983652,04626184
5984522,04632788
5985166,04638395
5985896,04617932
5985899,04624521
5986637,04653793
5986776,04628438
5987141,04614640
5987207,04655648
5987409,04661028
5988339,04671082
5988555,04673786
5988692,04620364
5988704,04665716
5989380,04679407
5989405,04679679
5989632,04632401
5990236,04686730
5991087,04675291
5991316,04697189
5993121,04714318
5993462,04679229
5995597,04730054
5996101,04676505
5997332,04580117
5997377,04747372
5999472,04701453
6000684,04785681
6000827,04763254
6001554,04647777
6002007,04750802
6002450,04776666
6002907,04784880
6003213,04796802
6005127,04826361
6006416,04839200
6007531,04850742
6007562,04851145
6008034,04855469
6009915,04792220
6011632,04845293
6012086,04828666
6012479,04884507
6013418,04876709
6013422,04885422
6013478,04905806
6014723,04863810
6015216,04835247
6015937,04877331
6019967,04967208
6020851,04966856
6022987,04995856
6023354,04918304
6023602,05000181
6025012,05008689
6025245,05020051
6025378,05022134
6025911,05017424
6028305,05047102
6028537,05049997
6028745,05052742
6029538,04978838
6030007,05055156
6030307,05063302
6031530,05057281
6032710,05085462
6033125,05035988
6033594,05092302
6033625,05094755
6036109,05073863
6036589,05021707
6036622,05119081
6036845,05127246
6037999,05090571
6038115,05110254
6038766,05124581
6038786,05132096
6038834,05139473
6038869,05141656
6041804,05120683
6042030,05107873
6042047,05124565
6042915,05165083
6043726,05109311
6043927,05182158
6045754,05212251
6045914,05195586
6047162,05223431
6047371,05176433
6048267,05225426
6049824,05247811
6050366,05253543
6050818,05192455
6052777,05042691
6052819,05265941
6053809,05284481
6054109,05243653
6055434,05274761
6055799,05294258
6056342,05308178
6056740,05300088
6056747,05304792
6057536,05261112
6057555,05314801
6058173,05290198
6059236,05335825
6060034,05277051
6063148,05308143
6064288,05373450
6064621,05387035
6069675,05373221
6070531,05433223
6071474,05397103
6072264,05448701
6072763,05454948
6073608,05401291
6074072,05410541
6074108,05472041
6075700,05477212
6076160,05494583
6077353,05496543
6077415,05509033
6078887,05518172
6079831,05521319
6081489,05540143
6082356,05558051
6082825,05551153
6083597,05569354
6084388,05576563
6084526,05578396
6084591,05579228
6084846,05574170
6085155,05220041
6086617,01770918
6086658,05571537
6086675,05588707
6087112,01788833
6087486,01798499
6088574,05585678
6088979,05592895
6089131,05532566
6089164,05603897
6089456,05551625
6089469,05592721
6089505,05608112
6089829,05612250
6091029,01832671
6091133,05588731
6091273,05624720
6092297,05555604
6092842,05633001
6092961,01873130
6093077,05634288
6094170,05646553
6094310,05637899
6094823,01848232
6094846,05606322
6095293,05637902
6095442,05659086
6095750,05605784
6096215,05667224
6096468,05624282
6097718,05677785
6097887,01864661
6097924,05657831
6098100,05680859
6100202,05640687
6100647,05626633
6103750,05712891
6104648,05741696
6105309,05685079
6105902,05669022
6106944,05763070
6108206,05775094
6108421,05748470
6108484,05776937
6109231,05639573
6109261,05721164
6109295,05758572
6110513,05766133
6111038,05802237
6111070,05802644
6111353,05804540
6111667,05733260
6111828,05809088
6112262,05807981
6113576,05752264
6113826,05828040
6115266,05827272
6115268,05827744
6116144,05851513
6117803,05866782
6118183,05835534
6120295,05809754
6120853,05877300
6123161,05828147
6123283,05767652
6123287,05815100
6124254,05829593
6124283,05852731
6126103,05816271
6126125,05907233
6128194,05931142
6128405,05966761
6128428,05967023
6129396,05895294
6129789,05886589
6130972,05976634
6132777,05919991
6132783,05925967
6133248,05906067
6135830,06035817
6136488,06043224
6136572,06036309
6137579,06053327
6138223,05992371
6142375,06092632
6143781,06058744
6144492,06062229
6144517,06098649
6144944,06108857
6146149,06098924
6147752,06151639
6147982,06116621
6148019,06143644
6149313,06164617
6149792,06169139
6149828,06169708
6149880,06111033
6150330,06157351
6150900,06179274
6151089,06169562
6151495,06118445
6151582,06180825
6152846,06197507
6153424,06169597
6154494,06213430
6154693,06204821
6154968,06205496
6155856,06220631
6157089,06239978
6157605,06245382
6158127,06168531
6158333,06247237
6159791,06211542
6159796,06222242
6160342,06270557
6160895,06267360
6164852,06311164
6165617,06260390
6166316,06304249
6167642,06323219
6168100,06318291
6168837,06298788
6169278,06349854
6169880,06312748
6171027,06370802
6171716,06376461
6172887,06377556
6173049,06388825
6175727,06388345
6176105,06417914
6176234,06410073
6178493,06425518
6181746,06420443
6182667,06433359
6183337,06486282
7392,00202380
18881,00499811
23009,00556203
23431,00560618
309184,13497448
462865,15529479
486476,15770214
662146,18623433
700961,19012888
707976,25003267
709005,25013696
709352,25017187
710257,25026259
710365,25027336
710393,25027611
710398,25027671
710458,25028278
710782,25031511
710959,25033280
711084,25034545
711204,25035746
711347,25037188
711672,25040448
711673,25040456
711858,25042319
711925,25043021
711974,25043510
712086,25044648
712107,25044851
712110,25044885
712268,25046471
712376,25047558
712388,25047671
712389,25047680
712455,25048350
712499,25048791
712521,25049011
712524,25049046
712571,25049518
712575,25049551
713488,25058843
713779,25061810
714263,25066803
714503,25069276
714598,25070231
715282,25077333
716472,25089501
716644,25091328
718222,25107500
718459,25109979
718496,25110390
719249,25118196
719352,25119281
719559,25121472
719894,25124927
720691,25133306
720833,25134752
722293,25149865
722501,25151967
722570,25152670
722596,25152947
722736,25154389
722752,25154541
722759,25154621
722768,25154711
722928,25156349
723096,25158058
723128,25158376
723262,25159763
723989,25167201
724066,25167987
724496,25172298
724581,25173154
724719,25174541
724773,25175084
725674,25184181
725675,25184199
725804,25185489
725830,25185756
725840,25185853
725935,25186809
725955,25187007
725988,25187333
726286,25190351
726340,25190911
726459,25192108
726614,25193660
726640,25193937
726961,25197185
727198,25199587
729347,25221272
729439,25222198
729447,25222279
729533,25223135
729620,25224051
729645,25224301
729676,25224662
729990,25227807
730066,25228561
730157,25229494
730173,25229656
730271,25230638
730422,25232142
730617,25234099
730706,25234994
730788,25235818
730836,25236300
730993,25237896
731194,25239929
731198,25239961
731654,25244566
731707,25245091
732040,25248421
732084,25248863
732763,25255720
732924,25257331
732925,25257340
733757,25265695
734072,25268848
734652,25274708
734672,25274911
736300,25291572
737034,25299140
737051,25299310
737068,25299484
737100,25299824
737126,25300083
737934,25308262
738318,25312146
738367,25312634
738432,25313304
738514,25314122
738931,25318390
738983,25318926
739140,25320521
739141,25320530
739145,25320572
739359,25322788
739388,25323091
739689,25326228
740094,25330357
740352,25333003
740596,25335481
740619,25335715
741207,25341685
741329,25342924
741454,25344218
741597,25345656
741665,25346342
741850,25348221
742345,25353420
742346,25353446
742554,25355597
744114,25372076
744777,25378791
744787,25378899
744941,25380443
745432,25385488
745541,25386573
746328,25394509
746886,25400126
746909,25400355
746942,25400681
746957,25400835
746985,25401114
747088,25402145
747095,25402218
747163,25402901
747169,25402960
747243,25403702
747268,25403958
747291,25404181
747380,25405080
747389,25405179
747399,25405276
747481,25406108
747518,25406477
747731,25408623
747803,25409344
747817,25409484
747864,25409972
748112,25412451
748161,25412949
748173,25413066
748223,25413562
748513,25416464
748698,25418335
748780,25419161
748799,25419358
748820,25419561
748949,25420861
748964,25421018
749207,25423487
749559,25427083
749730,25428918
749884,25430475
750410,25435787
750445,25436139
750522,25436911
750998,25441728
751000,25441744
751015,25441892
751279,25444565
751320,25444972
751593,25447726
751624,25448030
751652,25448315
751981,25500201
752229,25502697
752409,25504525
752630,25506765
752817,25508687
753557,25516256
753707,25517783
753893,25519646
754120,25521934
754328,25524011
754788,25528637
754791,25528661
754902,25529781
755011,25530887
755209,25532871
755266,25533444
755706,25537873
755946,25540289
756108,25541919
756275,25543598
756335,25544195
756372,25544560
756471,25545558
756521,25546066
756536,25546210
756569,25546554
756623,25547097
756655,25547429
756739,25548298
756817,25549103
756830,25549235
756858,25549511
756887,25549804
756892,25549855
756893,25549863
756899,25549928
756914,25550071
756931,25550241
756971,25550641
757275,25553721
757300,25553976
757305,25554026
757319,25554166
757322,25554191
757336,25554336
757342,25554395
757351,25554484
757352,25554492
757388,25554859
757449,25555472
757547,25556452
757597,25556959
757598,25556967
757623,25557211
757628,25557262
757649,25557475
757653,25557513
757701,25557998
757711,25558102
757712,25558111
757760,25558595
757783,25558820
757837,25559371
757853,25559532
757884,25559851
757895,25559966
757906,25560077
758006,25561081
758045,25561472
758061,25561634
758120,25562223
758135,25562371
758157,25562592
758245,25563483
758266,25563696
758380,25564846
758435,25565397
758473,25565788
759018,25571303
759021,25571338
759288,25574019
759411,25575244
759476,25575899
759518,25576313
759828,25579461
759908,25580264
760179,25582976
760240,25583611
760361,25584821
760440,25585614
760896,25590235
761786,25599267
762959,25611429
763539,25617401
764118,25623397
764808,25630539
765312,25635719
765424,25636863
765532,25637941
765899,25641701
767045,25653369
767105,25653971
767336,25656317
767370,25656651
767600,25659031
768132,25664492
768206,25665260
769405,25677675
769457,25678191
769531,25678949
769537,25679007
769952,25683250
770469,25688570
770549,25689371
770630,25690183
770816,25692101
770970,25693689
771267,25696718
771404,25698117
771662,25700715
771791,25702033
771902,25703153
772724,25711598
772846,25712853
773052,25714937
773283,25717294
773526,25719815
773578,25720341
773580,25720368
773629,25720872
773667,25721259
773696,25721542
773757,25722166
773888,25723472
773947,25724096
774001,25724657
774013,25724771
774018,25724827
774069,25725386
774163,25726331
774177,25726471
774187,25726587
774219,25726901
774239,25727125
774361,25728351
774651,25731289
774684,25731629
774750,25732315
774773,25732587
774803,25732901
774964,25734539
774996,25734857
775212,25737058
775250,25737431
775377,25738721
775406,25739018
775530,25740270
775539,25740377
775604,25741063
775645,25741497
775648,25741527
775650,25741543
775769,25742779
775823,25743325
775943,25744534
776218,25747304
776356,25748700
776623,25751417
776633,25751514
776634,25751522
776658,25751760
776917,25754408
777001,25755277
777148,25756761
777212,25757423
777230,25757601
777337,25758675
777855,25763954
778020,25765710
778103,25766554
778106,25766589
778149,25767020
778190,25767461
778268,25768255
778308,25768654
778329,25768867
778362,25769197
778419,25769782
778597,25771582
778755,25773194
778951,25775197
779272,25778455
779440,25780166
779943,25785290
779962,25785486
782206,25815024
782613,25819127
782736,25820362
782854,25821571
782855,25821580
782905,25822080
782906,25822098
783072,25823779
783073,25823787
783077,25823825
783304,25826123
783425,25827341
783460,25827707
783517,25828274
783573,25828835
783633,25829432
783690,25830007
783763,25830732
783795,25831054
784055,25833677
784056,25833685
784070,25833821
784071,25833839
784072,25833847
784202,25835165
784402,25837168
784403,25837176
784480,25837958
784513,25838288
784647,25839632
784676,25839934
784709,25840266
784920,25842374
785073,25843907
785134,25844521
785194,25845152
785204,25845250
785443,25847651
785453,25847759
785460,25847821
785736,25850601
785813,25851403
785877,25852043
785878,25852051
785907,25852345
785948,25852752
785968,25852957
786043,25853708
786197,25855255
786250,25855786
786285,25856138
786512,25858432
786693,25860259
786726,25860585
786862,25861972
786893,25862294
786974,25863151
787609,25869701
787681,25870441
788119,25875167
788396,25877976
788527,25879294
788745,25881515
789154,25885651
789269,25886835
789270,25886843
789366,25887807
789537,25889516
789740,25891570
789991,25894099
790144,25895681
790640,25900757
791418,25909614
791496,25910558
791765,25915096
791767,25915118
791826,25915720
791854,25916050
791856,25916076
791858,25916092
791885,25916360
791922,25916751
791983,25917374
792034,25917897
792057,25918125
792065,25918206
792087,25918435
792141,25918974
792190,25919482
792242,25920022
792251,25920154
792350,25921231
792590,25923676
793017,25928074
793789,25935917
793937,25937405
794212,25940163
794276,25940805
794279,25940830
794415,25942204
794631,25944363
794882,25946901
795111,25949578
795565,25954156
795661,25955110
796417,25962892
797278,26015056
797290,26015170
797342,26015692
797623,26018535
797658,26018888
798194,26024292
798453,26026929
798472,26027119
798601,26028441
799119,26033691
799239,26034948
799406,26036665
799607,26038749
799852,26041278
800320,26046024
800440,26047250
800711,26115573
800738,26115841
801331,26121859
801942,26128055
802370,26132435
802794,26136741
802914,26137950
804129,26150379
804307,26152193
804612,26155281
804811,26157306
805124,26160471
805256,26161826
805669,26166038
806368,26173085
806494,26174359
806769,26177153
807179,26181282
807812,26187639
807841,26187931
808089,26190435
808096,26190508
808242,26191989
808354,26193124
808448,26194074
808746,26197090
808888,26198541
808958,26199254
808973,26199408
809081,26200481
809090,26200571
809317,26202841
809414,26203804
809415,26203812
810156,26211351
810470,26214521
810713,26216965
811133,26221241
811135,26221268
811149,26221403
811238,26222329
811327,26223210
811374,26223694
812208,26232081
812502,26235064
812941,26239604
813018,26240513
813121,26241625
813234,26242923
813270,26243296
813542,26246058
814311,26253836
815258,26263441
815755,26268469
815789,26268817
815914,26270064
815920,26270129
815937,26270293
816231,26273268
816437,26275341
817133,26282348
817201,26283026
817279,26283808
817338,26284391
817349,26284502
817696,26288001
818330,26316633
818357,26316901
818436,26317711
818667,26320053
819026,26324105
819426,26328160
819679,26330725
819896,26332914
820303,26337037
820828,26342359
820957,26343657
821342,26347695
821435,26415585
821711,26418355
822030,26421577
822711,26428440
822863,26429985
822866,26430011
822877,26430126
823173,26433133
823234,26433753
823409,26435586
823411,26435667
823833,26441021
824049,26443236
824457,26447398
824935,26452260
826053,26463903
826116,26464560
826161,26465035
826188,26465302
826323,26466708
826466,26468191
826650,26470071
826742,26471043
827136,26475383
827526,26479320
827527,26479338
827593,26480026
827635,26480441
827737,26481472
827746,26481570
827863,26482754
827866,26482789
828140,26485575
828277,26486971
828363,26487853
828450,26488736
829138,26495732
830414,26508753
831278,26517523
831474,26519569
832540,26530554
832542,26530571
832885,26534045
833183,26537036
833316,26538377
833456,26539772
833527,26540495
834014,26545381
834159,26546841
834270,26547953
834327,26548526
834484,26550105
834507,26550334
834712,26552388
834748,26552744
834984,26584204
835440,26588773
835624,26590620
835914,26593548
835926,26593661
835942,26593823
835958,26593980
835974,26594145
835989,26594307
835997,26594382
836005,26594463
836013,26594544
836021,26594625
836022,26594633
836029,26594706
836614,26684501
837093,26689430
837375,26692368
837647,26695201
837955,26698455
837958,26698480
838215,26701227
838337,26702550
838502,26704374
838627,26705842
838743,26707284
838823,26708451
1075087,42408482
1119931,42864917
1121901,42884861
1121964,42885507
1200993,43725902
1311922,44940645
1316659,44992149
1341404,45245932
1341502,45246912
1382024,45659028
1391838,45768170
1392058,45770425
1392092,45770760
1466751,46524339
1476442,46621521
1489186,46749411
1518203,47050403
1536242,47235411
1576238,47654465
1590433,47812052
1654180,48472476
1658254,48514314
1668900,48622818
1684009,48773751
1707855,49019473
1759943,49558943
1766552,49625624
1766682,49626931
1806450,60044098
1806577,60045353
1809470,60074256
1809522,60074779
1835420,60337788
1835477,60338351
1845146,60434937
1846514,60448580
1855720,60554665
1856010,60557621
1881818,60820829
1922915,61239488
1937236,61383457
1937269,61383783
1937691,61388009
1937703,61388122
2014118,62158261
2089332,62939726
2097288,63024730
2105733,63109948
2106116,63113775
2143672,63493713
2143679,63493781
2143757,63494591
2171729,63778718
2176797,63830540
2177682,63839415
2185110,63913381
2205547,64123031
2224564,64326331
2242914,64509796
2265678,64771971
2267419,64789446
2267424,64789497
2267445,64789705
2271154,64829804
2271155,64829812
2271655,64835227
2282623,64947602
2282624,64947611
2282625,64947629
2286993,64991954
2288405,65006267
2289648,65018711
2330201,66739942
2390210,67363300
2397931,67441441
2429711,67778585
2449824,67984339
2449926,67985351
2465479,68145209
2488642,68380216
2490932,68403186
2537991,68899289
2581999,69346917
2647236,70039704
2653051,70099251
2653096,70099715
2653628,70105031
2656786,70155577
2667898,70288275
2698112,70645671
2709632,70800812
2709918,70803978
2710084,70805695
2710730,70812187
2711019,70815089
2711501,70819882
2711933,70824185
2712638,70831220
2714866,70853517
2715182,70856656
2715653,70861340
2717206,70876860
2725215,70957142
2798947,65189337
2806286,65269845
2807118,65278381
2818540,65398939
2827228,65497996
2852831,65761758
2872355,65956532
2876611,65998871
2876749,66000262
2876768,66000459
2876820,66000971
2877236,66005167
2922880,00571270
2939946,25095544
2940646,25229541
2941326,25535625
2941336,25537784
2941449,25597680
2941715,25655311
2941974,25702378
2942263,25756800
2942684,26026848
2942691,26031663
2942961,26167379
2943021,26177145
2943354,26458420
2953859,45245606
2971263,64946860
2974259,67980066
2975553,26601362
2975861,26600285
3015865,26604582
3019513,26608529
3022124,26611716
3022636,26612933
3022644,26613573
3023360,26715619
3023971,25913344
3024087,26714833
3024540,26717336
3024738,26704811
3024845,26710439
3025152,26721333
3025263,25972448
3025671,26725479
3025787,25975498
3026201,26347687
3026270,26296829
3026281,26713187
3026305,26723000
3026471,25453114
3026477,25453629
3026678,26727765
3026979,26617013
3027017,26503123
3027663,26725461
3027849,26729679
3028022,25454714
3028023,25454722
3028166,26614936
3028874,25427521
3028926,26436035
3029172,26788063
3029455,25908961
3029587,26304856
3030300,26053225
3030398,26788993
3030487,26052199
3030549,26746239
3030581,25978021
3030958,25457799
3031845,26322641
3031976,26307171
3032367,26746549
3032447,26055741
3032747,25981480
3032944,26737256
3033349,26737957
3033405,26058481
3033542,25978284
3033908,26351480
3034281,26751364
3034466,26746115
3034521,26793032
3034549,26793865
3034875,26309149
3036493,26353253
3037161,26797127
3037644,26620189
3037855,25985213
3038008,26619032
3038234,26761173
3038237,26763290
3038297,26314291
3040661,26354373
3067756,25464868
3068466,26764792
3068788,26314193
3069508,26060094
3070355,25989502
3070949,25466119
3071792,26775786
3073049,26804948
3073432,26355752
3073654,26765641
3073976,26894441
3074059,26629712
3074570,26889463
3076102,25467948
3076109,25988417
3076263,26063174
3080860,26807882
3095116,26356538
3095488,27061825
3095493,27065014
3095993,26631997
3101143,26777550
3103031,26780038
3103462,26358034
3106942,26636280
3111118,25472356
3114066,25994581
3114810,26806541
3115655,25472372
3115656,25473361
3116090,26064065
3116190,26064073
3116255,26064367
3117235,26359090
3117265,26357950
3117383,26636883
3117458,25471961
3117573,26902087
3117719,27079341
3124242,27072649
3127436,26490650
3129047,26640767
3129618,27074161
3130016,25474286
3130262,25474481
3131613,26903237
3131828,25997343
3132601,26813271
3132835,26360098
3133004,26640325
3133115,27084655
3135049,26464888
3135123,27086321
3135516,26816750
3135607,27084876
3136056,26640007
3136405,27082229
3138024,26642611
3139421,25998846
3139636,27092364
3139875,27091651
3141374,26906902
3141405,25475894
3141514,26908042
3141708,26908921
3142378,25999044
3142445,25999150
3144362,27079538
3144459,27095223
3145186,26642395
3146597,27085368
3148521,26908000
3148894,26361850
3149102,26819325
3149172,26819848
3152502,27100677
3154785,25999851
3154950,26818868
3154957,26819856
3155043,27095487
3155252,27096203
3155330,26911612
3155530,27105300
3155974,26912384
3156491,26363305
3158058,26069181
3158254,25478524
3160818,26648415
3160832,26652757
3165379,26070286
3165834,26001691
3166260,26001802
3166314,27105431
3166425,26651327
3167187,27116786
3170364,26916401
3170662,27101649
3170690,27115071
3170954,27116964
3170970,27118657
3173303,26004674
3176010,26368315
3178917,26369168
3178938,26367360
3179077,26825210
3179546,27112756
3179560,27117367
3179606,26827409
3179631,26917319
3179665,26652188
3180077,27108902
3180650,26653737
3180807,27127591
3180821,27131718
3181253,27127389
3181672,26657325
3182183,26921685
3182244,26657341
3182313,26005166
3184116,26830451
3184183,26827581
3184203,26828201
3187656,27137554
3187668,27132111
3188228,27129772
3189866,26371049
3191030,26660571
3192685,25485920
3193170,26074184
3193180,26074419
3193525,26925061
3193944,26662159
3195442,26919567
3196382,26926661
3196486,27142949
3197207,27146537
3199433,27144569
3199997,26925036
3200932,26830647
3201161,26075679
3204102,27150887
3204810,25488601
3205010,26370417
3205729,26831317
3206682,26663929
3207184,26834499
3207329,27155064
3207406,27156591
3207491,26011816
3207610,26667649
3207639,26832755
3207664,26835487
3207681,26835797
3208130,27154696
3208239,26927985
3208263,26010984
3208272,26011531
3208274,26928060
3208549,26012294
3209216,26012375
3211172,26931818
3213184,26835100
3213885,25491032
3213970,26668149
3214503,27161986
3214512,26835932
3214533,27157806
3214677,26838401
3215294,26076462
3215314,26077540
3215605,27152189
3215677,26828863
3215966,26934191
3216026,26934167
3216218,26667924
3216565,26836122
3216768,26670763
3216809,26839547
3216884,27169413
3222400,27163059
3222421,27170802
3222695,26838508
3222758,26838354
3223067,26838338
3224452,25492772
3224707,27171621
3225541,27172392
3225797,27168514
3225799,27167020
3225845,26377071
3225850,26932474
3227802,27173674
3228756,26839857
3228862,26842050
3228888,26842360
3229021,26839938
3229035,26839661
3229286,26938171
3229425,26842688
3229519,27462072
3229724,26672740
3230956,27179001
3231286,27176835
3231296,27173879
3233637,27169685
3234241,27175804
3235726,26675501
3236754,26079879
3236980,27176614
3236997,27182231
3237148,26929716
3237575,27462064
3238551,26842149
3238776,27187128
3239180,25495488
3239196,27184757
3239508,27189007
3239630,27461807
3240690,26843986
3240861,26844389
3241005,27462226
3241262,26943662
3241597,26942411
3241823,26081822
3241902,26943573
3242957,26678543
3247734,26846217
3248569,26928027
3248612,26943280
3248619,26380528
3249222,27181758
3249465,25497057
3250011,26681471
3250741,25498681
3250856,27197484
3251117,25497405
3251430,26083426
3251888,26681862
3251895,26080575
3252160,27466175
3252700,27467686
3252974,27467759
3253066,27195171
3253100,26850176
3253894,26383381
3255440,27261051
3255630,27206777
3257461,26383055
3258927,26850613
3258947,26851598
3258995,27200248
3259635,26950821
3259813,26986558
3260302,27263096
3260307,26934116
3260521,27152235
3261022,27210383
3264082,27214800
3266374,26845709
3266660,27470229
3267143,27470148
3267515,27215814
3268004,26851962
3268189,26084775
3268543,26957523
3268805,27261417
3275199,26960729
3275369,26960206
3278778,26962071
3279171,26963167
3279469,27231933
3279597,26993392
3279798,26387123
3279915,26855771
3280328,26994917
3280684,27266150
3281302,26387140
3281551,26856948
3282102,27226751
3282450,26964708
3282525,27236498
3282610,27268209
3282763,26088843
3282809,26860015
3282912,26087952
3283033,26088258
3286393,27233162
3286520,27269761
3286648,27267865
3286900,26963337
3287343,26997355
3287561,27235530
3287628,26960982
3287949,27267890
3288437,27267415
3288520,27268152
3292266,26999234
3293133,27247791
3293796,27238571
3293862,26967375
3293866,26090554
3294713,27243605
3294753,27250318
3294944,27240185
3295217,26090929
3295263,27241483
3295510,27000222
3295835,26091089
3295842,26091143
3295863,27270513
3295973,26863901
3295982,26863081
3295987,26998726
3296461,26970023
3297343,27002527
3299224,27001342
3301338,26090198
3301628,26393972
3302307,27270955
3303774,26091534
3304269,26973472
3304895,27258424
3304896,27258700
3306898,27273318
3307274,27478807
3307444,27364593
3307566,27003388
3307572,26867184
3308583,26396645
3309765,26395517
3311756,26976307
3312719,26973651
3313069,26976595
3313339,27275558
3313804,27365409
3314180,27374297
3314329,27259170
3314505,27366201
3314660,27374599
3314833,26397757
3315243,26094134
3315250,27368921
3315274,26980622
3315509,27276350
3316087,26981068
3316269,27275710
3316698,26870525
3316765,26981751
3317063,26870011
3317621,26093821
3317695,27214931
3323987,27382354
3324509,27385515
3325125,27387640
3325144,27365492
3326083,27388875
3326097,27279014
3326938,27279359
3327008,27483851
3327011,27663515
3327638,27380297
3329070,27011801
3329246,27392741
3329326,27393003
3329360,27011895
3330149,27664333
3330718,27392881
3331126,27396118
3331296,27395782
3331963,27280411
3331987,27388221
3332360,26873265
3332820,27483886
3335362,26095840
3335384,27401545
3335565,27401898
3335576,26400936
3336520,26876108
3336656,26097745
3336856,27395286
3337880,27283097
3338098,26877295
3338956,27486044
3339479,27668240
3339500,26098296
3340025,27404781
3340106,26401673
3340872,27407969
3340876,27408116
3340877,27408132
3341088,27668975
3341472,27668134
3341764,27282384
3341779,27017010
3341782,27282546
3342080,27284506
3342139,27398757
3344176,27284981
3345274,27397688
3345607,27019551
3345721,26099748
3345771,26879107
3345806,26874911
3345899,26097982
3346479,27284425
3346519,27019489
3346668,27673286
3346705,26878461
3346926,26879794
3351480,27018075
3351501,27019101
3351688,26875675
3351732,27419428
3351970,26404818
3351986,27408507
3352031,27382711
3352039,27416631
3352607,27669921
3353616,27760898
3353776,27017699
3354053,27490327
3354135,27286355
3354362,26882035
3354581,27489906
3358486,26101548
3359498,27677770
3359642,27490076
3359677,27430154
3359763,27491552
3359795,27288030
3360131,26881764
3360267,27762076
3360414,26405954
3360739,27760961
3361024,26100363
3361074,27288226
3362654,27418715
3366116,27488179
3367198,27025624
3367429,27432548
3367613,26102803
3367614,26102927
3367796,27435199
3367949,27765237
3368349,27680151
3368379,27493245
3368513,27765750
3368568,27027686
3368846,27446255
3369152,26103630
3370270,26102102
3371202,27493784
3372996,27494373
3373092,27494268
3373650,27443876
3374434,27028194
3374967,27765130
3375767,27447669
3376680,26406608
3377266,27767612
3377416,27685861
3377453,27453405
3377503,27452581
3377866,27448657
3378657,26103681
3379821,27685641
3380386,27494799
3380673,27456412
3381320,26410087
3381671,27453707
3382105,27562212
3382173,27766284
3383200,27033384
3383855,27564070
3384042,27686809
3384279,27689425
3385612,27564878
3386426,27688313
3387945,27035344
3389182,26408309
3389625,27561925
3390487,27496643
3390703,27568628
3390738,27498191
3390767,26107287
3390938,27561828
3391685,27564916
3391915,27297128
3391977,27771903
3392332,27498468
3392367,27573486
3392428,27773574
3392502,27035271
3392549,27295648
3393530,27576612
3393642,27577082
3394186,27499618
3394339,27772888
3394409,27694658
3394573,27693058
3394676,27575934
3394746,27298523
3394872,27037576
3401230,27960765
3401338,27776743
3401339,27960820
3401500,27300064
3401511,27695867
3401775,26982633
3402006,27961311
3402179,26108721
3402231,27586481
3402564,27961192
3402799,27501311
3402818,27777146
3402877,27777154
3402989,27595323
3403384,27583449
3403485,27578381
3403578,26108658
3403615,27590089
3403771,27699099
3404384,27961583
3404385,27962008
3404490,27484416
3404504,27778908
3404535,27778584
3404587,27594017
3404884,27600823
3405181,27777979
3405215,27501485
3405236,27303161
3405290,27604586
3405431,27703045
3406342,27303314
3406343,27303331
3407052,27599892
3407164,27610136
3408980,27963101
3409050,27781038
3409088,27611931
3409483,27782107
3409542,27305180
3409693,27962253
3410083,27603547
3410406,26108470
3411548,27782611
3412174,27504247
3412176,27504671
3412177,27504689
3412700,27964981
3413890,27599710
3414845,27624048
3415282,27046257
3416322,27043797
3416344,27043720
3416860,27306780
3419598,27708381
3421441,27309240
3421600,27784525
3422991,27630404
3423526,27620603
3424172,27782964
3425569,27633047
3426507,27966119
3429301,27048861
3430524,27310256
3430759,27784401
3430841,27506827
3430857,27309231
3431402,27505189
3432399,27049931
3433949,26113406
3434495,27616550
3434540,27713725
3434907,27713628
3435306,27636739
3435381,27640078
3435798,27785581
3436112,27709957
3436236,27311783
3436384,27643026
3437388,27640400
3438939,27634507
3441313,27637131
3442931,27649032
3442961,27311945
3443407,28060687
3448128,27714021
3448902,27650278
3448980,28060962
3449720,27506096
3450066,26113368
3450600,27641163
3451985,27717577
3452074,27312950
3452769,27655881
3453432,27790673
3453529,27313221
3453951,27645118
3455083,27716651
3456266,27713911
3456319,27639801
3456668,27641431
3456743,27056660
3459082,27717364
3459187,27867030
3459510,27511359
3461262,27868702
3461488,27654818
3464219,27510344
3465635,27863492
3465886,27861261
3465929,27865011
3467556,27791998
3467673,27721981
3467916,27511227
3468083,27873838
3468229,27720128
3469378,27876411
3469425,27721868
3469639,27513335
3470126,27864723
3470262,27793958
3470842,27880133
3471678,28552083
3471942,28553187
3471950,28553268
3472001,27511774
3472004,27511448
3472473,27513823
3473911,28064038
3476616,27889891
3476934,27884643
3477859,27978311
3478656,27435610
3480028,28064933
3482818,27889301
3483529,27798135
3483568,27800539
3483848,27726444
3485332,27322891
3486320,27893332
3486873,27895980
3487231,27322793
3489328,27323498
3490936,27912132
3491010,27903508
3491204,27516733
3492141,27323773
3492327,27324001
3492831,27897290
3492859,27912574
3493238,27325920
3493434,28066413
3494296,27911225
3494351,27917932
3498108,27517730
3502608,22663045
3503615,27735109
3503858,28067045
3504167,27733998
3504345,27734200
3504566,28066782
3504589,27518507
3504877,27907660
3504891,27923151
3504913,28068769
3505468,27928535
3505500,27929868
3506111,28068955
3506611,27923436
3507448,27899942
3508126,27982092
3510046,27737225
3512495,27907261
3516762,22664726
3518035,27938808
3519500,27807894
3520699,28069706
3522128,27519350
3526385,27942767
3528460,27737616
3530283,27739309
3530548,27948706
3530606,27947726
3532558,27741354
3534950,27937917
3537626,27521443
3538716,27521702
3539232,27944573
3540141,27940993
3540692,27521753
3540758,27885348
3541758,27743624
3543038,28070747
3544676,27522059
3548607,27956199
3548805,27946428
3548888,28161084
3550819,28163567
3552317,27744485
3552421,27991806
3552437,27991377
3552716,27989364
3553677,27812111
3556181,27950751
3558457,28162129
3559217,27954749
3559222,28164857
3561581,27523331
3562597,27956539
3563520,28171012
3563897,27522237
3563946,27523098
3565121,27336417
3569617,27524591
3571296,27992560
3571576,28071310
3572265,27752020
3572316,27991997
3572417,27993329
3577688,27525350
3578721,28181794
3582056,27815722
3582612,22673377
3585787,28072219
3585840,28073347
3586154,28184653
3586159,28186869
3587496,28165047
3592556,28162919
3594418,27817423
3597041,27754758
3597356,27752721
3599662,27817962
3600337,27338797
3600818,27752909
3601693,28196937
3602120,27525791
3602600,27754715
3603222,28190220
3603402,28182201
3607178,28182243
3608662,27527654
3609595,27999602
3611723,27524582
3611857,28188136
3613376,22691022
3620399,28190602
3620411,28204409
3620413,28204751
3621772,22689443
3623923,28074050
3623963,22690000
3624074,22690069
3624113,27822010
3626083,28264339
3626275,28217811
3626575,28209176
3626905,28262972
3628883,28076371
3629483,27828972
3629784,28202406
3630735,28187172
3630786,28077491
3632507,28206029
3635443,28222296
3637068,28260902
3641035,28236009
3643311,27344240
3646368,28267788
3646686,28004256
3654848,28236564
3656426,27834131
3657743,28078705
3659843,28269501
3659903,28077253
3660593,28079086
3667204,28249062
3669735,27533760
3670234,27829731
3670246,28233085
3670532,28271718
3671729,28170661
3672111,28238435
3675515,28269390
3676966,27833968
3679458,28274466
3679827,28255291
3680049,28249429
3680700,27835693
3683581,28246853
3683788,27838111
3683815,28273796
3683995,28366115
3684217,27350461
3684450,27534804
3688785,28254244
3689411,28364694
3689818,28371399
3689880,28372816
3690171,27839087
3690297,27536653
3692594,28373731
3692616,28374011
3692635,28374126
3692636,28374134
3694295,27351947
3695394,28373618
3695447,27836886
3695504,28276604
3695997,28278054
3699332,28277074
3700262,28012828
3700280,27537269
3700553,22678263
3700701,28379322
3703795,28384300
3705336,28384041
3707247,28280644
3707379,28385969
3708105,27843297
3709550,28376196
3709680,28389387
3709685,28389841
3709698,28389352
3711419,28379667
3711619,28279727
3711912,27537536
3711913,27537552
3712178,28015819
3713802,27357082
3714844,22675515
3714916,27357899
3715138,28377079
3715148,28385462
3716191,27842614
3716196,27843025
3717153,22738711
3717212,28286464
3718251,28378229
3718750,27842843
3722515,28016262
3732296,27540448
3733538,28402464
3735996,28074891
3738663,27848230
3741216,28661893
3741336,28020529
3741656,27360229
3749377,28021347
3749930,28411978
3753996,28290585
3755232,22735712
3755302,28279069
3755371,28393163
3762545,28418891
3763744,28414756
3764237,28665431
3764681,22733591
3764902,27849449
3765168,28418182
3765505,28085957
3765785,27847977
3766159,28661877
3766177,28665180
3766239,28664914
3767455,27848477
3768351,28666721
3768382,28430786
3768951,28417623
3768969,28293240
3769284,28433980
3770537,22729909
3770679,28435818
3772112,28086899
3773076,28296087
3773137,28087909
3773261,28434498
3773267,28421507
3773501,28434722
3774357,28086198
3775291,28441923
3775307,28444809
3775570,28298659
3775576,28295854
3775884,27855171
3780597,28385985
3780599,28409922
3780674,28086830
3781210,28669452
3784556,28671643
3788851,28441397
3789010,28441303
3789416,28297504
3789801,28453051
3790117,28446003
3791582,22724184
3794103,28456718
3796250,28451481
3796799,28463234
3796898,27547850
3798099,27857107
3798699,28464800
3800512,28303539
3800845,28090012
3806136,28089545
3806137,28090080
3808999,28466527
3811863,27547086
3812229,28450647
3812455,28303636
3812584,28088841
3815455,22723757
3815487,28036441
3816341,28460774
3820780,28475542
3820785,28476654
3823460,28463811
3829606,28475062
3830744,28469071
3833402,28562119
3835617,28677129
3837501,28471474
3838156,28676491
3843156,28458681
3849138,28561791
3850121,28481364
3853276,28562917
3863578,28489021
3866697,28565029
3868131,28091817
3874329,28567889
3876826,28485572
3877206,28092988
3881209,28486170
3883406,27552276
3884631,28488946
3892026,28683731
3894646,28041241
3898286,28567919
3905046,28042131
3912146,27551008
3914066,28309146
3916186,27553744
3916426,27552969
3917647,28508084
3921729,28504704
3923060,28504348
3928406,28045874
3938087,26574420
3939006,28566149
3943547,28686454
3947570,28511603
3949910,27554660
3950306,28046072
3958966,27553612
3962546,28516346
3973211,28509528
3973417,28521994
3973637,28043499
3973750,28094531
3973863,27554520
3974666,28046862
3974832,28322959
3975181,28524055
3975347,28511255
3982526,28046293
3982827,26571463
4002875,28564197
4003512,26569655
4014153,28689950
4014601,27556751
4014811,28537726
4018821,28577973
4018823,28578040
4018824,28578058
4018872,28578015
4026691,28319842
4027507,28575181
4029229,28691067
4030249,28525973
4038926,28098889
4040910,28545745
4049461,28549171
4050546,28053168
4050946,28692578
4052296,28541901
4055886,28695330
4062766,28099991
4063326,28417488
4063369,28230779
4063548,28523369
4064150,28439643
4066487,28541821
4067527,28693558
4070774,28863488
4079127,27559611
4079166,28762878
4082866,28333951
4083906,28330421
4087350,26564921
4087382,26565242
4089206,28101910
4125346,28099770
4126594,26562464
4127446,28046188
4127528,26562731
4129106,28765257
4130826,28763301
4139930,28874021
4144386,28336135
4144391,28340558
4153209,26559625
4156248,28896068
4156295,28883853
4158430,28584651
4161215,26561433
4174311,28585241
4174313,28586018
4186386,28908686
4188629,28878710
4190369,28103921
4193829,28700210
4198909,28894561
4201413,28768965
4205889,28700546
4206869,28343123
4214864,28915267
4215671,28914562
4232518,28769422
4233069,28771028
4234429,28896025
4235754,28917952
4237980,28927753
4238026,28921887
4239295,28927117
4241169,28771010
4243877,28927052
4244169,28771168
4244550,28910591
4244785,28931106
4244956,26554364
4255872,22841652
4259369,29075653
4259389,28348591
4259449,28351291
4262412,28931076
4272733,28925165
4279307,28937376
4282498,28930908
4282689,28771648
4285153,28594029
4288278,28594622
4288519,28934504
4296710,22840176
4299870,28705378
4303810,28705386
4305443,28940784
4307130,28705327
4309731,28705882
4310797,28937503
4314033,28945492
4322751,28350758
4329132,28932986
4333729,29076692
4339670,28596358
4340120,28935110
4340237,28356683
4340868,28944356
4341473,28943198
4352751,28939042
4354097,28775805
4354591,28599110
4357147,28600312
4360089,28358201
4364829,28708091
4382404,28966414
4382430,28968468
4382444,28968905
4385590,22834028
4386694,28961331
4394310,28966465
4418189,28709187
4422641,28976312
4423055,28969839
4428830,28973950
4428833,28975383
4436250,22832751
4441972,28967054
4446335,28979567
4453369,28970128
4464589,22831797
4469749,29184614
4474036,28983629
4474049,28988345
4474329,28112962
4477272,29187117
4478129,28712111
4481260,28990498
4494829,28979095
4495249,29188172
4497950,28713389
4501169,28713044
4505949,28114094
4508649,28980361
4513250,28998260
4518830,28713303
4523469,28713737
4530429,29188016
4555689,28992075
4556637,29008859
4557329,28984072
4557821,22825495
4559429,29193478
4559483,29005469
4562031,28608496
4567009,29195268
4567613,29015651
4567616,29015707
4569890,29015014
4571511,28714709
4572572,29020310
4573018,28995571
4575070,29013542
4575935,29021995
4576510,29193711
4579149,29089522
4579512,28116631
4580231,29193761
4580249,29195187
4580954,29008000
4585512,28785100
4589193,28716698
4589731,29196761
4590713,29013364
4593629,29198852
4594812,28117441
4597831,29030919
4598831,29093562
4599876,29092035
4602509,28117557
4602571,29028728
4604290,29092299
4609329,22819789
4609589,29017751
4620610,29197392
4630689,28612914
4632890,28717741
4634169,28717708
4639889,29093058
4640011,29023441
4646529,29197376
4648789,29094038
4648870,29200873
4651249,28786181
4651492,29201055
4678472,28617096
4679438,29049199
4688015,22816607
4692969,28618530
4693634,29052289
4693649,29198895
4695412,29203503
4699094,29053811
4701929,29190312
4707049,28616880
4709815,22814655
4710374,22814710
4711430,28618564
4714350,29056721
4726030,28788168
4726169,29043913
4726464,28788966
4732049,29203783
4738789,28119576
4746269,29210054
4749869,28621221
4757293,24661171
4757389,29098343
4761089,28789563
4772689,28120981
4782855,22872159
4784924,29208904
4785237,24668460
4788760,29215196
4790850,28791266
4790902,28722043
4791168,29216036
4796355,24679151
4798831,24688096
4800363,28723724
4801351,24677728
4802418,24678961
4802452,28724747
4803357,29220416
4803587,22868127
4803992,28623959
4804164,28795971
4805557,28626117
4806738,28798503
4806935,28626176
4807120,24684741
4807593,29222702
4807626,28795512
4808890,24697788
4809431,22866302
4811867,24692883
4811929,28725425
4811930,28725476
4812608,29223393
4813836,24705853
4815070,22863508
4815275,24702196
4816789,24699641
4824123,24706167
4827936,29227381
4833594,28126181
4840137,29228107
4840313,28123867
4841266,29229952
4845474,22861301
4846469,24717975
4852375,24706370
4855018,24720038
4859157,28631650
4863919,24711691
4863924,24714429
4863975,24724017
4864253,28801571
4866734,29230772
4871293,28801971
4872474,28126505
4874556,28633008
4877680,24719722
4880494,24727211
4883995,28633598
4886338,24705527
4888553,29232872
4889374,29234387
4899007,24732915
4905553,28127102
4906597,24723711
4913295,24732800
4915108,24738131
4916113,24738263
4916195,28804678
4917373,28634764
4920053,28803809
4924093,24741965
4929134,28731506
4932001,24745855
4932253,28731719
4932273,28731816
4934176,29243289
4935105,22855076
4944473,29243548
4945336,24751073
4945654,24741108
4951625,28636945
4951926,24740314
4951949,24746819
4953033,28129458
4956993,28639014
4958295,28807383
4958633,28732677
4959700,28733932
4960594,24742597
4964474,24742627
4967607,24757705
4971753,29245567
4971935,24758264
4974254,28734220
4975673,29247951
4977973,28129334
4983234,24747041
4983235,24751804
4989514,22851313
4997013,24760161
5003813,24766216
5005093,28638271
5010873,24758353
5011333,28640021
5015514,28641922
5016390,28735749
5030233,28736010
5032814,28809254
5035193,24769622
5041449,22847596
5047793,29255121
5052684,24779156
5058073,29110220
5062473,28131363
5065757,24772399
5067034,24768987
5067042,24780006
5067183,22845631
5079654,28642996
5085480,24787701
5085863,24775517
5100927,24792187
5108113,29259347
5113013,28736575
5125072,28646703
5126274,29259533
5130075,22908382
5136953,24773018
5139444,24799149
5142196,24791954
5143094,24790923
5150606,24800856
5158079,24790125
5158131,24803332
5161536,24793175
5168773,28647033
5169174,28813201
5169433,28647840
5174855,24795844
5175133,28647912
5176236,28813626
5181523,24808709
5181953,29261821
5188249,24805807
5194513,28133994
5196213,29263956
5207822,29264146
5208136,24813737
5208776,22903844
5208852,22904620
5212473,28814673
5216640,29268184
5237793,28649613
5237876,24820792
5241762,24810657
5243669,24818275
5247841,24818763
5248173,29114446
5249296,24808229
5249413,29113971
5251833,29267609
5258280,22899278
5261619,28740360
5261733,28740572
5277313,28653084
5277654,28740742
5277843,24827606
5281470,24828815
5281778,24817783
5284913,28136233
5290261,29114161
5294908,22895906
5299113,29270847
5304247,28653211
5305714,22893733
5307328,24839523
5311534,24841064
5313907,24840068
5315277,24835897
5320451,24843717
5320690,28816986
5322374,24826243
5323418,29116139
5323779,24837261
5324273,22892150
5325839,24846511
5328053,29276241
5328476,28743318
5328914,28656636
5330677,24837555
5331524,22891161
5332614,29277418
5335893,28819063
5337130,28818229
5339313,29278511
5339414,24846856
5340314,29280257
5343260,22888853
5343550,24850063
5344259,28658957
5344396,28818539
5344456,28659392
5346079,28138520
5346080,28138538
5346559,24125628
5350149,24128210
5350970,24127507
5351637,22887253
5351674,28819993
5351948,24122297
5352631,24123226
5352661,24130184
5352805,29117755
5353859,29283272
5354807,28660382
5354839,28138317
5356282,28659350
5356667,24135526
5356916,28659465
5358625,24132900
5358696,24129054
5359667,28744497
5360083,24124516
5360090,24129071
5360319,29118271
5360449,29118336
5361053,29118531
5361431,24138649
5361470,29381711
5361499,29285020
5362409,24129534
5362513,28745175
5363911,28745418
5364070,28820941
5364499,28820461
5364964,24139742
5365229,22882723
5365532,24143341
5367061,29119171
5367799,22881310
5367815,22881476
5367994,28746210
5368208,24138282
5368934,28819900
5369677,29381274
5369799,24146145
5370614,29285534
5371210,24132616
5372079,28821157
5372910,24126489
5372919,24146161
5372957,29286409
5373436,28821815
5373567,29119235
5373587,29383447
5374043,22878408
5374853,28139275
5374876,24147273
5374882,24148296
5375293,29382360
5376162,24144461
5376994,29288941
5377157,24153460
5379097,24141941
5379683,28140796
5379786,24154407
5379897,24149675
5380864,29119332
5381386,29291186
5382180,24157881
5383517,28140541
5383678,24155764
5384201,24148229
5384607,28747330
5384622,29383188
5384623,29383731
5384657,24157244
5384977,29383749
5386174,29120080
5392097,24158887
5392573,29120098
5392750,24160571
5395920,24169030
5395956,24168742
5400492,24170470
5402361,24163597
5402500,24173037
5402610,29387957
5402637,24167673
5402957,29295327
5403957,22768718
5404205,29295904
5404899,24164593
5404964,28823702
5404975,24167550
5405285,24166685
5405569,28824636
5405812,28142675
5406142,29293979
5406954,29121493
5407010,29389496
5407201,29389381
5407650,24176605
5408229,29296021
5410237,22767002
5410338,22767452
5411117,29296188
5411673,24181153
5411885,28143167
5411963,28143221
5412326,24175820
5413697,28825781
5415039,28142608
5415808,28750721
5415933,24190101
5416836,29300550
5417045,28750853
5417169,29390168
5417576,24191345
5417749,29121892
5417889,28750195
5419026,29301394
5420610,28750969
5420757,22761683
5423123,24184071
5423125,24189839
5423388,28143396
5423448,29392055
5423470,24182494
5423844,24189219
5424304,29303613
5424489,29303443
5424739,29389861
5424882,29123348
5425420,29122970
5425627,28751388
5425946,29301866
5426524,29393647
5426535,24200506
5427228,24202657
5427284,24198412
5429957,28751809
5431257,28827317
5431656,24204137
5433503,29123747
5433543,29393973
5433682,29277817
5434466,24201618
5436153,28752309
5436753,22759051
5437287,29306051
5437457,24211508
5437611,22772511
5438523,24213586
5439773,24203815
5440235,29394864
5440623,22772961
5440885,24210137
5442238,29396662
5442363,29395011
5443379,29306264
5444829,22753052
5445081,24219932
5445964,22772561
5446629,24212431
5447191,24218294
5447198,24220345
5447270,24215627
5448727,29397596
5448863,28828984
5449183,29310211
5449878,22773436
5450203,24223158
5450346,24212199
5454347,28146441
5454643,24203823
5455480,29125022
5457333,29398614
5459067,24226912
5459104,29310750
5459458,29309212
5461703,24228320
5461911,29311250
5464383,29306868
5464652,22748890
5466753,28146051
5466787,29125138
5469894,28154975
5475099,24229580
5475733,29314747
5476258,24228630
5477638,24229610
5479279,22745572
5481235,29125731
5491338,28831055
5492521,28831101
5495040,28831098
5495173,29315140
5495546,22613285
5514693,29125812
5518246,22609806
5527293,22794581
5530817,22607021
5536478,24280429
